slug,platform,text,hashtags
ask-zbdh-riyadh,Instagram,"اسأل الزبدة

اسأل بالطريقة اللي تفكر فيها، والزبدة تختصر لك الخيارات في الرياض. تطبيق الزبدة حالياً يركز على الرياض: مطاعم، كافيهات، وعيادات، ومعه شات يساعدك تختصر القرار.

حمّله من App Store:
https://apps.apple.com/sa/app/alzbdh/id6741608525",#الزبدة #تطبيق_الزبدة #الرياض #مطاعم_الرياض #كافيهات_الرياض #عيادات_الرياض
ask-zbdh-riyadh,TikTok,"جرّب: أبي كوفي هادي

اسأل الزبدة: اسأل بالطريقة اللي تفكر فيها، والزبدة تختصر لك الخيارات في الرياض.

حمّل تطبيق الزبدة على iOS:
https://apps.apple.com/sa/app/alzbdh/id6741608525",#الزبدة #تطبيق_الزبدة #الرياض #وين_نروح #مطاعم_الرياض #كافيهات_الرياض
ask-zbdh-riyadh,X,"اسأل الزبدة: اسأل بالطريقة اللي تفكر فيها، والزبدة تختصر لك الخيارات في الرياض.

تطبيق الزبدة على iOS يساعدك تختار مطاعم، كافيهات، وعيادات في الرياض بدون حوسة.

https://apps.apple.com/sa/app/alzbdh/id6741608525",#الزبدة #تطبيق_الزبدة #الرياض
weekend-riyadh-plan,Instagram,"وين نروح الليلة؟

افتح الخريطة، فلتر حسب التصنيف، واختر مكانك بسرعة. تطبيق الزبدة حالياً يركز على الرياض: مطاعم، كافيهات، وعيادات، ومعه شات يساعدك تختصر القرار.

حمّله من App Store:
https://apps.apple.com/sa/app/alzbdh/id6741608525",#الزبدة #تطبيق_الزبدة #الرياض #مطاعم_الرياض #كافيهات_الرياض #عيادات_الرياض
weekend-riyadh-plan,TikTok,"مطعم؟ كوفي؟ عيادة؟

وين نروح الليلة؟: افتح الخريطة، فلتر حسب التصنيف، واختر مكانك بسرعة.

حمّل تطبيق الزبدة على iOS:
https://apps.apple.com/sa/app/alzbdh/id6741608525",#الزبدة #تطبيق_الزبدة #الرياض #وين_نروح #مطاعم_الرياض #كافيهات_الرياض
weekend-riyadh-plan,X,"وين نروح الليلة؟: افتح الخريطة، فلتر حسب التصنيف، واختر مكانك بسرعة.

تطبيق الزبدة على iOS يساعدك تختار مطاعم، كافيهات، وعيادات في الرياض بدون حوسة.

https://apps.apple.com/sa/app/alzbdh/id6741608525",#الزبدة #تطبيق_الزبدة #الرياض
skip-review-scroll,Instagram,"قبل ما تروح

شوف الزبدة، الشائع، غير الشائع، والمراجعات قبل ما تختار. تطبيق الزبدة حالياً يركز على الرياض: مطاعم، كافيهات، وعيادات، ومعه شات يساعدك تختصر القرار.

حمّله من App Store:
https://apps.apple.com/sa/app/alzbdh/id6741608525",#الزبدة #تطبيق_الزبدة #الرياض #مطاعم_الرياض #كافيهات_الرياض #عيادات_الرياض
skip-review-scroll,TikTok,"التقييم وحده ما يكفي

قبل ما تروح: شوف الزبدة، الشائع، غير الشائع، والمراجعات قبل ما تختار.

حمّل تطبيق الزبدة على iOS:
https://apps.apple.com/sa/app/alzbdh/id6741608525",#الزبدة #تطبيق_الزبدة #الرياض #وين_نروح #مطاعم_الرياض #كافيهات_الرياض
skip-review-scroll,X,"قبل ما تروح: شوف الزبدة، الشائع، غير الشائع، والمراجعات قبل ما تختار.

تطبيق الزبدة على iOS يساعدك تختار مطاعم، كافيهات، وعيادات في الرياض بدون حوسة.

https://apps.apple.com/sa/app/alzbdh/id6741608525",#الزبدة #تطبيق_الزبدة #الرياض
