post_key,content_type,item,slug,platform,text,hashtags,image,posted,posted_at_riyadh,buffer_post_id,buffer_channel_id,post_url,notes
places::ChIJtZpCp_UPLz4Rclj3rotYC38::instagram,places,يرمين,ChIJtZpCp_UPLz4Rclj3rotYC38,Instagram,"يرمين طالع بقوة في الزبدة في الرياض.

مو إعلان؛ المكان عليه 11,903 تقييم، وخلاصته: تقييم قوي وكثافة مراجعات عالية؛ يصلح كبداية لما تبي مقهى بدون لفّة طويلة في التعليقات.

افتح app.alzbdh.com وشوف الأماكن حواليك بدون حوسة.",#الزبدة #صراحة #يستاهل #زبدة_الأماكن #الرياض #مقهى,places/images/instagram_1080x1350/ChIJtZpCp_UPLz4Rclj3rotYC38.png,false,,,,,
places::ChIJtZpCp_UPLz4Rclj3rotYC38::tiktok,places,يرمين,ChIJtZpCp_UPLz4Rclj3rotYC38,TikTok,"وين تروح في الرياض؟

مقهى: يرمين
تقييم الزبدة 9.5/10، والزبدة تقول: تقييم قوي وكثافة مراجعات عالية؛ يصلح كبداية لما تبي مقهى بدون لفّة طويلة في التعليقات.

احفظه من app.alzbdh.com",#الزبدة #صراحة #يستاهل #زبدة_الأماكن #الرياض #مقهى,places/images/tiktok_1080x1920/ChIJtZpCp_UPLz4Rclj3rotYC38.png,false,,,,,
places::ChIJtZpCp_UPLz4Rclj3rotYC38::x,places,يرمين,ChIJtZpCp_UPLz4Rclj3rotYC38,X,"يرمين — مقهى في الرياض.

تقييم الزبدة 9.5/10 من 11,903 تقييم. تقييم قوي وكثافة مراجعات عالية؛ يصلح كبداية لما تبي مقهى بدون لفّة طويلة في التعليقات.

app.alzbdh.com",#الزبدة #صراحة #يستاهل #زبدة_الأماكن #الرياض #مقهى,places/images/x_1600x900/ChIJtZpCp_UPLz4Rclj3rotYC38.png,false,,,,,
places::ChIJe3-RjlX7Lj4Rk4j8PtI0xsg::instagram,places,إيرث كافيه,ChIJe3-RjlX7Lj4Rk4j8PtI0xsg,Instagram,"إيرث كافيه طالع بقوة في الزبدة في الرياض.

مو إعلان؛ المكان عليه 8,039 تقييم، وخلاصته: تقييم قوي وكثافة مراجعات عالية؛ يصلح كبداية لما تبي مقهى بدون لفّة طويلة في التعليقات.

افتح app.alzbdh.com وشوف الأماكن حواليك بدون حوسة.",#الزبدة #صراحة #يستاهل #زبدة_الأماكن #الرياض #مقهى,places/images/instagram_1080x1350/ChIJe3-RjlX7Lj4Rk4j8PtI0xsg.png,false,,,,,
places::ChIJe3-RjlX7Lj4Rk4j8PtI0xsg::tiktok,places,إيرث كافيه,ChIJe3-RjlX7Lj4Rk4j8PtI0xsg,TikTok,"وين تروح في الرياض؟

مقهى: إيرث كافيه
تقييم الزبدة 9.5/10، والزبدة تقول: تقييم قوي وكثافة مراجعات عالية؛ يصلح كبداية لما تبي مقهى بدون لفّة طويلة في التعليقات.

احفظه من app.alzbdh.com",#الزبدة #صراحة #يستاهل #زبدة_الأماكن #الرياض #مقهى,places/images/tiktok_1080x1920/ChIJe3-RjlX7Lj4Rk4j8PtI0xsg.png,false,,,,,
places::ChIJe3-RjlX7Lj4Rk4j8PtI0xsg::x,places,إيرث كافيه,ChIJe3-RjlX7Lj4Rk4j8PtI0xsg,X,"إيرث كافيه — مقهى في الرياض.

تقييم الزبدة 9.5/10 من 8,039 تقييم. تقييم قوي وكثافة مراجعات عالية؛ يصلح كبداية لما تبي مقهى بدون لفّة طويلة في التعليقات.

app.alzbdh.com",#الزبدة #صراحة #يستاهل #زبدة_الأماكن #الرياض #مقهى,places/images/x_1600x900/ChIJe3-RjlX7Lj4Rk4j8PtI0xsg.png,false,,,,,
places::ChIJPYjxol8dLz4RDxJc9VrkOT0::instagram,places,ايس كريم وكافيه ٣٦,ChIJPYjxol8dLz4RDxJc9VrkOT0,Instagram,"ايس كريم وكافيه ٣٦ طالع بقوة في الزبدة في الرياض.

مو إعلان؛ المكان عليه 6,095 تقييم، وخلاصته: تقييم قوي وكثافة مراجعات عالية؛ يصلح كبداية لما تبي مقهى بدون لفّة طويلة في التعليقات.

افتح app.alzbdh.com وشوف الأماكن حواليك بدون حوسة.",#الزبدة #صراحة #يستاهل #زبدة_الأماكن #الرياض #مقهى,places/images/instagram_1080x1350/ChIJPYjxol8dLz4RDxJc9VrkOT0.png,false,,,,,
places::ChIJPYjxol8dLz4RDxJc9VrkOT0::tiktok,places,ايس كريم وكافيه ٣٦,ChIJPYjxol8dLz4RDxJc9VrkOT0,TikTok,"وين تروح في الرياض؟

مقهى: ايس كريم وكافيه ٣٦
تقييم الزبدة 9.5/10، والزبدة تقول: تقييم قوي وكثافة مراجعات عالية؛ يصلح كبداية لما تبي مقهى بدون لفّة طويلة في التعليقات.

احفظه من app.alzbdh.com",#الزبدة #صراحة #يستاهل #زبدة_الأماكن #الرياض #مقهى,places/images/tiktok_1080x1920/ChIJPYjxol8dLz4RDxJc9VrkOT0.png,false,,,,,
places::ChIJPYjxol8dLz4RDxJc9VrkOT0::x,places,ايس كريم وكافيه ٣٦,ChIJPYjxol8dLz4RDxJc9VrkOT0,X,"ايس كريم وكافيه ٣٦ — مقهى في الرياض.

تقييم الزبدة 9.5/10 من 6,095 تقييم. تقييم قوي وكثافة مراجعات عالية؛ يصلح كبداية لما تبي مقهى بدون لفّة طويلة في التعليقات.

app.alzbdh.com",#الزبدة #صراحة #يستاهل #زبدة_الأماكن #الرياض #مقهى,places/images/x_1600x900/ChIJPYjxol8dLz4RDxJc9VrkOT0.png,false,,,,,
places::ChIJcd8ZfOHjLj4R2MhcWMOsPiw::instagram,places,كافيه ليلو,ChIJcd8ZfOHjLj4R2MhcWMOsPiw,Instagram,"كافيه ليلو طالع بقوة في الزبدة في الرياض.

مو إعلان؛ المكان عليه 5,390 تقييم، وخلاصته: تقييم قوي وكثافة مراجعات عالية؛ يصلح كبداية لما تبي مقهى بدون لفّة طويلة في التعليقات.

افتح app.alzbdh.com وشوف الأماكن حواليك بدون حوسة.",#الزبدة #صراحة #يستاهل #زبدة_الأماكن #الرياض #مقهى,places/images/instagram_1080x1350/ChIJcd8ZfOHjLj4R2MhcWMOsPiw.png,false,,,,,
places::ChIJcd8ZfOHjLj4R2MhcWMOsPiw::tiktok,places,كافيه ليلو,ChIJcd8ZfOHjLj4R2MhcWMOsPiw,TikTok,"وين تروح في الرياض؟

مقهى: كافيه ليلو
تقييم الزبدة 9.5/10، والزبدة تقول: تقييم قوي وكثافة مراجعات عالية؛ يصلح كبداية لما تبي مقهى بدون لفّة طويلة في التعليقات.

احفظه من app.alzbdh.com",#الزبدة #صراحة #يستاهل #زبدة_الأماكن #الرياض #مقهى,places/images/tiktok_1080x1920/ChIJcd8ZfOHjLj4R2MhcWMOsPiw.png,false,,,,,
places::ChIJcd8ZfOHjLj4R2MhcWMOsPiw::x,places,كافيه ليلو,ChIJcd8ZfOHjLj4R2MhcWMOsPiw,X,"كافيه ليلو — مقهى في الرياض.

تقييم الزبدة 9.5/10 من 5,390 تقييم. تقييم قوي وكثافة مراجعات عالية؛ يصلح كبداية لما تبي مقهى بدون لفّة طويلة في التعليقات.

app.alzbdh.com",#الزبدة #صراحة #يستاهل #زبدة_الأماكن #الرياض #مقهى,places/images/x_1600x900/ChIJcd8ZfOHjLj4R2MhcWMOsPiw.png,false,,,,,
places::ChIJrVtg__X7Lj4RtLz4nFSoYR4::instagram,places,واجهة روشن - منطقة التسوق,ChIJrVtg__X7Lj4RtLz4nFSoYR4,Instagram,"واجهة روشن - منطقة التسوق طالع بقوة في الزبدة في الرياض.

مو إعلان؛ المكان عليه 34,757 تقييم، وخلاصته: تقييم قوي وكثافة مراجعات عالية؛ يصلح كبداية لما تبي معلم بدون لفّة طويلة في التعليقات.

افتح app.alzbdh.com وشوف الأماكن حواليك بدون حوسة.",#الزبدة #صراحة #يستاهل #زبدة_الأماكن #الرياض #معلم,places/images/instagram_1080x1350/ChIJrVtg__X7Lj4RtLz4nFSoYR4.png,false,,,,,
places::ChIJrVtg__X7Lj4RtLz4nFSoYR4::tiktok,places,واجهة روشن - منطقة التسوق,ChIJrVtg__X7Lj4RtLz4nFSoYR4,TikTok,"وين تروح في الرياض؟

معلم: واجهة روشن - منطقة التسوق
تقييم الزبدة 9.5/10، والزبدة تقول: تقييم قوي وكثافة مراجعات عالية؛ يصلح كبداية لما تبي معلم بدون لفّة طويلة في التعليقات.

احفظه من app.alzbdh.com",#الزبدة #صراحة #يستاهل #زبدة_الأماكن #الرياض #معلم,places/images/tiktok_1080x1920/ChIJrVtg__X7Lj4RtLz4nFSoYR4.png,false,,,,,
places::ChIJrVtg__X7Lj4RtLz4nFSoYR4::x,places,واجهة روشن - منطقة التسوق,ChIJrVtg__X7Lj4RtLz4nFSoYR4,X,"واجهة روشن - منطقة التسوق — معلم في الرياض.

تقييم الزبدة 9.5/10 من 34,757 تقييم. تقييم قوي وكثافة مراجعات عالية؛ يصلح كبداية لما تبي معلم بدون لفّة طويلة في التعليقات.

app.alzbdh.com",#الزبدة #صراحة #يستاهل #زبدة_الأماكن #الرياض #معلم,places/images/x_1600x900/ChIJrVtg__X7Lj4RtLz4nFSoYR4.png,false,,,,,
places::ChIJ4cV14VUELz4RBfhtCX8cffo::instagram,places,المتحف الوطني السعودي,ChIJ4cV14VUELz4RBfhtCX8cffo,Instagram,"المتحف الوطني السعودي طالع بقوة في الزبدة في الرياض.

مو إعلان؛ المكان عليه 19,221 تقييم، وخلاصته: تقييم قوي وكثافة مراجعات عالية؛ يصلح كبداية لما تبي معلم بدون لفّة طويلة في التعليقات.

افتح app.alzbdh.com وشوف الأماكن حواليك بدون حوسة.",#الزبدة #صراحة #يستاهل #زبدة_الأماكن #الرياض #معلم,places/images/instagram_1080x1350/ChIJ4cV14VUELz4RBfhtCX8cffo.png,false,,,,,
places::ChIJ4cV14VUELz4RBfhtCX8cffo::tiktok,places,المتحف الوطني السعودي,ChIJ4cV14VUELz4RBfhtCX8cffo,TikTok,"وين تروح في الرياض؟

معلم: المتحف الوطني السعودي
تقييم الزبدة 9.5/10، والزبدة تقول: تقييم قوي وكثافة مراجعات عالية؛ يصلح كبداية لما تبي معلم بدون لفّة طويلة في التعليقات.

احفظه من app.alzbdh.com",#الزبدة #صراحة #يستاهل #زبدة_الأماكن #الرياض #معلم,places/images/tiktok_1080x1920/ChIJ4cV14VUELz4RBfhtCX8cffo.png,false,,,,,
places::ChIJ4cV14VUELz4RBfhtCX8cffo::x,places,المتحف الوطني السعودي,ChIJ4cV14VUELz4RBfhtCX8cffo,X,"المتحف الوطني السعودي — معلم في الرياض.

تقييم الزبدة 9.5/10 من 19,221 تقييم. تقييم قوي وكثافة مراجعات عالية؛ يصلح كبداية لما تبي معلم بدون لفّة طويلة في التعليقات.

app.alzbdh.com",#الزبدة #صراحة #يستاهل #زبدة_الأماكن #الرياض #معلم,places/images/x_1600x900/ChIJ4cV14VUELz4RBfhtCX8cffo.png,false,,,,,
places::ChIJi0_LHmkPLz4R_4sfMGrGI6A::instagram,places,منتزه وادي نمار,ChIJi0_LHmkPLz4R_4sfMGrGI6A,Instagram,"منتزه وادي نمار طالع بقوة في الزبدة في الرياض.

مو إعلان؛ المكان عليه 2,265 تقييم، وخلاصته: تقييم قوي وكثافة مراجعات عالية؛ يصلح كبداية لما تبي معلم بدون لفّة طويلة في التعليقات.

افتح app.alzbdh.com وشوف الأماكن حواليك بدون حوسة.",#الزبدة #صراحة #يستاهل #زبدة_الأماكن #الرياض #معلم,places/images/instagram_1080x1350/ChIJi0_LHmkPLz4R_4sfMGrGI6A.png,false,,,,,
places::ChIJi0_LHmkPLz4R_4sfMGrGI6A::tiktok,places,منتزه وادي نمار,ChIJi0_LHmkPLz4R_4sfMGrGI6A,TikTok,"وين تروح في الرياض؟

معلم: منتزه وادي نمار
تقييم الزبدة 9.5/10، والزبدة تقول: تقييم قوي وكثافة مراجعات عالية؛ يصلح كبداية لما تبي معلم بدون لفّة طويلة في التعليقات.

احفظه من app.alzbdh.com",#الزبدة #صراحة #يستاهل #زبدة_الأماكن #الرياض #معلم,places/images/tiktok_1080x1920/ChIJi0_LHmkPLz4R_4sfMGrGI6A.png,false,,,,,
places::ChIJi0_LHmkPLz4R_4sfMGrGI6A::x,places,منتزه وادي نمار,ChIJi0_LHmkPLz4R_4sfMGrGI6A,X,"منتزه وادي نمار — معلم في الرياض.

تقييم الزبدة 9.5/10 من 2,265 تقييم. تقييم قوي وكثافة مراجعات عالية؛ يصلح كبداية لما تبي معلم بدون لفّة طويلة في التعليقات.

app.alzbdh.com",#الزبدة #صراحة #يستاهل #زبدة_الأماكن #الرياض #معلم,places/images/x_1600x900/ChIJi0_LHmkPLz4R_4sfMGrGI6A.png,false,,,,,
places::ChIJ5xG77av7Lj4Rjwobo8hGpdQ::instagram,places,تشرنوبل ليزر تاق,ChIJ5xG77av7Lj4Rjwobo8hGpdQ,Instagram,"تشرنوبل ليزر تاق طالع بقوة في الزبدة في الرياض.

مو إعلان؛ المكان عليه 2,255 تقييم، وخلاصته: تقييم قوي وكثافة مراجعات عالية؛ يصلح كبداية لما تبي معلم بدون لفّة طويلة في التعليقات.

افتح app.alzbdh.com وشوف الأماكن حواليك بدون حوسة.",#الزبدة #صراحة #يستاهل #زبدة_الأماكن #الرياض #معلم,places/images/instagram_1080x1350/ChIJ5xG77av7Lj4Rjwobo8hGpdQ.png,false,,,,,
places::ChIJ5xG77av7Lj4Rjwobo8hGpdQ::tiktok,places,تشرنوبل ليزر تاق,ChIJ5xG77av7Lj4Rjwobo8hGpdQ,TikTok,"وين تروح في الرياض؟

معلم: تشرنوبل ليزر تاق
تقييم الزبدة 9.5/10، والزبدة تقول: تقييم قوي وكثافة مراجعات عالية؛ يصلح كبداية لما تبي معلم بدون لفّة طويلة في التعليقات.

احفظه من app.alzbdh.com",#الزبدة #صراحة #يستاهل #زبدة_الأماكن #الرياض #معلم,places/images/tiktok_1080x1920/ChIJ5xG77av7Lj4Rjwobo8hGpdQ.png,false,,,,,
places::ChIJ5xG77av7Lj4Rjwobo8hGpdQ::x,places,تشرنوبل ليزر تاق,ChIJ5xG77av7Lj4Rjwobo8hGpdQ,X,"تشرنوبل ليزر تاق — معلم في الرياض.

تقييم الزبدة 9.5/10 من 2,255 تقييم. تقييم قوي وكثافة مراجعات عالية؛ يصلح كبداية لما تبي معلم بدون لفّة طويلة في التعليقات.

app.alzbdh.com",#الزبدة #صراحة #يستاهل #زبدة_الأماكن #الرياض #معلم,places/images/x_1600x900/ChIJ5xG77av7Lj4Rjwobo8hGpdQ.png,false,,,,,
places::ChIJy-NYpsRV4xURrZOLdEJs8NI::instagram,places,ديب فرايز,ChIJy-NYpsRV4xURrZOLdEJs8NI,Instagram,"ديب فرايز طالع بقوة في الزبدة لأبها.

الزبدة: البطاطس هنا هي نجم المكان، وكثير وصفوها إنها من الأفضل في أبها. الأكل عليه مدح، والخدمة وتعامل الموظفين واضح إنها مريحة.

افتح app.alzbdh.com وشوف الأماكن حواليك بدون حوسة.",#الزبدة #صراحة #يستاهل #زبدة_الأماكن #أبها #مطعم,places/images/instagram_1080x1350/ChIJy-NYpsRV4xURrZOLdEJs8NI.png,true,2026-06-13T17:37:48+03:00,6a2d6b3208bd17e5f3a8e676,6a23e0dec687a22dd4680c8d,https://www.instagram.com/p/DZh5lc6lWaD/,Posted via Buffer shareNow; status sent.
places::ChIJy-NYpsRV4xURrZOLdEJs8NI::tiktok,places,ديب فرايز,ChIJy-NYpsRV4xURrZOLdEJs8NI,TikTok,"وين تروح في أبها؟

ديب فرايز: تقييم الزبدة 9.8/10. البطاطس هي نجم المكان، والخدمة عليها مدح واضح.

احفظه قبل الطلعة من app.alzbdh.com",#الزبدة #صراحة #يستاهل #زبدة_الأماكن #أبها #مطعم,places/images/tiktok_1080x1920/ChIJy-NYpsRV4xURrZOLdEJs8NI.png,true,2026-06-13T17:41:03+03:00,6a2d6b949017a527dd652db6,67365353da2e3cb64c9ccb65,https://tiktok.com/@alzbdh0/video/7650889618136632584,Posted via Buffer shareNow; status sent.
places::ChIJy-NYpsRV4xURrZOLdEJs8NI::x,places,ديب فرايز,ChIJy-NYpsRV4xURrZOLdEJs8NI,X,"ديب فرايز في أبها: تقييم الزبدة 9.8/10، والزبدة؟ البطاطس هي نجم المكان، والخدمة عليها مدح واضح.

إذا تبي خيار سريع ومضمون، احفظه قبل طلعتك.

app.alzbdh.com",#الزبدة #صراحة #يستاهل #زبدة_الأماكن #أبها #مطعم,places/images/x_1600x900/ChIJy-NYpsRV4xURrZOLdEJs8NI.png,true,2026-06-13T17:36:27+03:00,6a2d6ae89017a527dd652a67,67364f29da2e3cb64c611c48,https://x.com/1840051188676399104/status/2065805502102057151,Posted via Buffer shareNow; status sent.
places::ChIJwU0WYgBV-xURkN87qd-yZJs::instagram,places,برجر أوكل المحالة,ChIJwU0WYgBV-xURkN87qd-yZJs,Instagram,"برجر أوكل المحالة طالع بقوة في الزبدة لأبها.

مو إعلان؛ المكان عليه تقييمات كثيرة تقييم، وخلاصته: برجر اللحم المشوي على الفحم هو نجم المكان، ومعاه البطاطس طالعة زينة والناس تكرر إنها لذيذة. الملاحظة الوحيدة إن.

افتح app.alzbdh.com وشوف الأماكن حواليك بدون حوسة.",#الزبدة #صراحة #يستاهل #زبدة_الأماكن #أبها #مطعم,places/images/instagram_1080x1350/ChIJwU0WYgBV-xURkN87qd-yZJs.png,false,,,,,
places::ChIJwU0WYgBV-xURkN87qd-yZJs::tiktok,places,برجر أوكل المحالة,ChIJwU0WYgBV-xURkN87qd-yZJs,TikTok,"وين تروح في أبها؟

مطعم: برجر أوكل المحالة
تقييم الزبدة 9.8/10، والزبدة تقول: برجر اللحم المشوي على الفحم هو نجم المكان، ومعاه البطاطس طالعة زينة والناس تكرر إنها لذيذة. الملاحظة الوحيدة إن.

احفظه من app.alzbdh.com",#الزبدة #صراحة #يستاهل #زبدة_الأماكن #أبها #مطعم,places/images/tiktok_1080x1920/ChIJwU0WYgBV-xURkN87qd-yZJs.png,false,,,,,
places::ChIJwU0WYgBV-xURkN87qd-yZJs::x,places,برجر أوكل المحالة,ChIJwU0WYgBV-xURkN87qd-yZJs,X,"برجر أوكل المحالة — مطعم في أبها.

تقييم الزبدة 9.8/10 من تقييمات كثيرة تقييم. برجر اللحم المشوي على الفحم هو نجم المكان، ومعاه البطاطس طالعة زينة والناس تكرر إنها لذيذة. الملاحظة الوحيدة إن.

app.alzbdh.com",#الزبدة #صراحة #يستاهل #زبدة_الأماكن #أبها #مطعم,places/images/x_1600x900/ChIJwU0WYgBV-xURkN87qd-yZJs.png,false,,,,,
places::ChIJAfOOqq9V4xURBaACs3r2n1w::instagram,places,WBJ ABHA,ChIJAfOOqq9V4xURBaACs3r2n1w,Instagram,"WBJ ABHA طالع بقوة في الزبدة لأبها.

مو إعلان؛ المكان عليه تقييمات كثيرة تقييم، وخلاصته: البرغر هنا هو نجم المشهد، خصوصاً برغر واجيو وبرغر دبليو بي جي مع بطاطسهم اللي انمدحت كثير. الجو والإطلالة والخدمة.

افتح app.alzbdh.com وشوف الأماكن حواليك بدون حوسة.",#الزبدة #صراحة #يستاهل #زبدة_الأماكن #أبها #مطعم,places/images/instagram_1080x1350/ChIJAfOOqq9V4xURBaACs3r2n1w.png,false,,,,,
places::ChIJAfOOqq9V4xURBaACs3r2n1w::tiktok,places,WBJ ABHA,ChIJAfOOqq9V4xURBaACs3r2n1w,TikTok,"وين تروح في أبها؟

مطعم: WBJ ABHA
تقييم الزبدة 9.7/10، والزبدة تقول: البرغر هنا هو نجم المشهد، خصوصاً برغر واجيو وبرغر دبليو بي جي مع بطاطسهم اللي انمدحت كثير. الجو والإطلالة والخدمة.

احفظه من app.alzbdh.com",#الزبدة #صراحة #يستاهل #زبدة_الأماكن #أبها #مطعم,places/images/tiktok_1080x1920/ChIJAfOOqq9V4xURBaACs3r2n1w.png,false,,,,,
places::ChIJAfOOqq9V4xURBaACs3r2n1w::x,places,WBJ ABHA,ChIJAfOOqq9V4xURBaACs3r2n1w,X,"WBJ ABHA — مطعم في أبها.

تقييم الزبدة 9.7/10 من تقييمات كثيرة تقييم. البرغر هنا هو نجم المشهد، خصوصاً برغر واجيو وبرغر دبليو بي جي مع بطاطسهم اللي انمدحت كثير. الجو والإطلالة والخدمة.

app.alzbdh.com",#الزبدة #صراحة #يستاهل #زبدة_الأماكن #أبها #مطعم,places/images/x_1600x900/ChIJAfOOqq9V4xURBaACs3r2n1w.png,false,,,,,
places::ChIJJy56xohV4xURnejZdbLOzFA::instagram,places,"مطعم مهرانى فرع أبها Maharani Restaurant, Abha Branch",ChIJJy56xohV4xURnejZdbLOzFA,Instagram,"مطعم مهرانى فرع أبها Maharani Restaurant, Abha Branch طالع بقوة في الزبدة لأبها.

مو إعلان؛ المكان عليه تقييمات كثيرة تقييم، وخلاصته: الكاري والبرياني هم أكثر شي الناس تمدحهم هنا، ومعهم نان طالع قوي والخدمة لفتت نظر كثير من الزوار. بالمقابل، بعض.

افتح app.alzbdh.com وشوف الأماكن حواليك بدون حوسة.",#الزبدة #صراحة #يستاهل #زبدة_الأماكن #أبها #مطعم,places/images/instagram_1080x1350/ChIJJy56xohV4xURnejZdbLOzFA.png,false,,,,,
places::ChIJJy56xohV4xURnejZdbLOzFA::tiktok,places,"مطعم مهرانى فرع أبها Maharani Restaurant, Abha Branch",ChIJJy56xohV4xURnejZdbLOzFA,TikTok,"وين تروح في أبها؟

مطعم: مطعم مهرانى فرع أبها Maharani Restaurant, Abha Branch
تقييم الزبدة 9.6/10، والزبدة تقول: الكاري والبرياني هم أكثر شي الناس تمدحهم هنا، ومعهم نان طالع قوي والخدمة لفتت نظر كثير من الزوار. بالمقابل، بعض.

احفظه من app.alzbdh.com",#الزبدة #صراحة #يستاهل #زبدة_الأماكن #أبها #مطعم,places/images/tiktok_1080x1920/ChIJJy56xohV4xURnejZdbLOzFA.png,false,,,,,
places::ChIJJy56xohV4xURnejZdbLOzFA::x,places,"مطعم مهرانى فرع أبها Maharani Restaurant, Abha Branch",ChIJJy56xohV4xURnejZdbLOzFA,X,"مطعم مهرانى فرع أبها Maharani Restaurant, Abha Branch — مطعم في أبها.

تقييم الزبدة 9.6/10 من تقييمات كثيرة تقييم. الكاري والبرياني هم أكثر شي الناس تمدحهم هنا، ومعهم نان طالع قوي والخدمة لفتت نظر كثير من الزوار. بالمقابل، بعض.

app.alzbdh.com",#الزبدة #صراحة #يستاهل #زبدة_الأماكن #أبها #مطعم,places/images/x_1600x900/ChIJJy56xohV4xURnejZdbLOzFA.png,false,,,,,
places::ChIJv4pzVgBV4xURGDT7aF-FHbw::instagram,places,اوكلاهوما برجر Oklahoma BURGER,ChIJv4pzVgBV4xURGDT7aF-FHbw,Instagram,"اوكلاهوما برجر Oklahoma BURGER طالع بقوة في الزبدة لأبها.

مو إعلان؛ المكان عليه تقييمات كثيرة تقييم، وخلاصته: برغر سموكي واياغيو هو النجم هنا، والناس تمدح العصارة وطراوة الخبز مع الفرايز اللي تنفع جنب الوجبة. فيه كم ملاحظة.

افتح app.alzbdh.com وشوف الأماكن حواليك بدون حوسة.",#الزبدة #صراحة #يستاهل #زبدة_الأماكن #أبها #مطعم,places/images/instagram_1080x1350/ChIJv4pzVgBV4xURGDT7aF-FHbw.png,false,,,,,
places::ChIJv4pzVgBV4xURGDT7aF-FHbw::tiktok,places,اوكلاهوما برجر Oklahoma BURGER,ChIJv4pzVgBV4xURGDT7aF-FHbw,TikTok,"وين تروح في أبها؟

مطعم: اوكلاهوما برجر Oklahoma BURGER
تقييم الزبدة 9.6/10، والزبدة تقول: برغر سموكي واياغيو هو النجم هنا، والناس تمدح العصارة وطراوة الخبز مع الفرايز اللي تنفع جنب الوجبة. فيه كم ملاحظة.

احفظه من app.alzbdh.com",#الزبدة #صراحة #يستاهل #زبدة_الأماكن #أبها #مطعم,places/images/tiktok_1080x1920/ChIJv4pzVgBV4xURGDT7aF-FHbw.png,false,,,,,
places::ChIJv4pzVgBV4xURGDT7aF-FHbw::x,places,اوكلاهوما برجر Oklahoma BURGER,ChIJv4pzVgBV4xURGDT7aF-FHbw,X,"اوكلاهوما برجر Oklahoma BURGER — مطعم في أبها.

تقييم الزبدة 9.6/10 من تقييمات كثيرة تقييم. برغر سموكي واياغيو هو النجم هنا، والناس تمدح العصارة وطراوة الخبز مع الفرايز اللي تنفع جنب الوجبة. فيه كم ملاحظة.

app.alzbdh.com",#الزبدة #صراحة #يستاهل #زبدة_الأماكن #أبها #مطعم,places/images/x_1600x900/ChIJv4pzVgBV4xURGDT7aF-FHbw.png,false,,,,,
places::ChIJg6hoh6xV4xUR7eJ3Epd0X2o::instagram,places,Olive Garden Abha-مطعم أوليف جاردن أبها,ChIJg6hoh6xV4xUR7eJ3Epd0X2o,Instagram,"Olive Garden Abha-مطعم أوليف جاردن أبها طالع بقوة في الزبدة لأبها.

مو إعلان؛ المكان عليه تقييمات كثيرة تقييم، وخلاصته: اللي يلفت هنا الإطلالة مع الباستا الكريمية، خصوصاً ألفريدو وتورتيلوني الدجاج، والحصص بعد كبيرة وتشبع. الخدمة.

افتح app.alzbdh.com وشوف الأماكن حواليك بدون حوسة.",#الزبدة #صراحة #يستاهل #زبدة_الأماكن #أبها #مطعم,places/images/instagram_1080x1350/ChIJg6hoh6xV4xUR7eJ3Epd0X2o.png,false,,,,,
places::ChIJg6hoh6xV4xUR7eJ3Epd0X2o::tiktok,places,Olive Garden Abha-مطعم أوليف جاردن أبها,ChIJg6hoh6xV4xUR7eJ3Epd0X2o,TikTok,"وين تروح في أبها؟

مطعم: Olive Garden Abha-مطعم أوليف جاردن أبها
تقييم الزبدة 9.6/10، والزبدة تقول: اللي يلفت هنا الإطلالة مع الباستا الكريمية، خصوصاً ألفريدو وتورتيلوني الدجاج، والحصص بعد كبيرة وتشبع. الخدمة.

احفظه من app.alzbdh.com",#الزبدة #صراحة #يستاهل #زبدة_الأماكن #أبها #مطعم,places/images/tiktok_1080x1920/ChIJg6hoh6xV4xUR7eJ3Epd0X2o.png,false,,,,,
places::ChIJg6hoh6xV4xUR7eJ3Epd0X2o::x,places,Olive Garden Abha-مطعم أوليف جاردن أبها,ChIJg6hoh6xV4xUR7eJ3Epd0X2o,X,"Olive Garden Abha-مطعم أوليف جاردن أبها — مطعم في أبها.

تقييم الزبدة 9.6/10 من تقييمات كثيرة تقييم. اللي يلفت هنا الإطلالة مع الباستا الكريمية، خصوصاً ألفريدو وتورتيلوني الدجاج، والحصص بعد كبيرة وتشبع. الخدمة.

app.alzbdh.com",#الزبدة #صراحة #يستاهل #زبدة_الأماكن #أبها #مطعم,places/images/x_1600x900/ChIJg6hoh6xV4xUR7eJ3Epd0X2o.png,false,,,,,
places::ChIJvYlUfGlV4xURD8Yy8H-WeYw::instagram,places,بنباستيك برجر bunbastic burger,ChIJvYlUfGlV4xURD8Yy8H-WeYw,Instagram,"بنباستيك برجر bunbastic burger طالع بقوة في الزبدة لأبها.

مو إعلان؛ المكان عليه تقييمات كثيرة تقييم، وخلاصته: البرجر الكلاسيك هو الورقة الرابحة هنا، واللحم الطازج واضح في الطعم من أول لقمة. المكان عليه مدح قوي بالسعر.

افتح app.alzbdh.com وشوف الأماكن حواليك بدون حوسة.",#الزبدة #صراحة #يستاهل #زبدة_الأماكن #أبها #مطعم,places/images/instagram_1080x1350/ChIJvYlUfGlV4xURD8Yy8H-WeYw.png,false,,,,,
places::ChIJvYlUfGlV4xURD8Yy8H-WeYw::tiktok,places,بنباستيك برجر bunbastic burger,ChIJvYlUfGlV4xURD8Yy8H-WeYw,TikTok,"وين تروح في أبها؟

مطعم: بنباستيك برجر bunbastic burger
تقييم الزبدة 9.6/10، والزبدة تقول: البرجر الكلاسيك هو الورقة الرابحة هنا، واللحم الطازج واضح في الطعم من أول لقمة. المكان عليه مدح قوي بالسعر.

احفظه من app.alzbdh.com",#الزبدة #صراحة #يستاهل #زبدة_الأماكن #أبها #مطعم,places/images/tiktok_1080x1920/ChIJvYlUfGlV4xURD8Yy8H-WeYw.png,false,,,,,
places::ChIJvYlUfGlV4xURD8Yy8H-WeYw::x,places,بنباستيك برجر bunbastic burger,ChIJvYlUfGlV4xURD8Yy8H-WeYw,X,"بنباستيك برجر bunbastic burger — مطعم في أبها.

تقييم الزبدة 9.6/10 من تقييمات كثيرة تقييم. البرجر الكلاسيك هو الورقة الرابحة هنا، واللحم الطازج واضح في الطعم من أول لقمة. المكان عليه مدح قوي بالسعر.

app.alzbdh.com",#الزبدة #صراحة #يستاهل #زبدة_الأماكن #أبها #مطعم,places/images/x_1600x900/ChIJvYlUfGlV4xURD8Yy8H-WeYw.png,false,,,,,
